3.2.34.0/26,CapeTown
3.5.140.0/22,Seoul
35.180.0.0/16,Paris
3.2.35.64/26,SaoPaulo
3.108.0.0/14,Mumbai
15.181.232.0/21,Virginia
142.4.160.136/29,Virginia
3.2.0.0/24,Virginia
96.0.80.0/22,Sydney
161.188.154.0/23,Virginia
52.4.0.0/14,Virginia
54.222.88.0/24,Beijing
64.252.81.0/24,SaoPaulo
142.4.160.80/29,Virginia
3.2.47.192/26,Ohio
50.16.0.0/15,Virginia
52.95.224.0/24,Milan
15.193.3.0/24,Sydney
15.220.196.0/22,Virginia
15.220.216.0/22,Mumbai
35.71.115.0/24,GovCloud
142.4.160.224/29,Oregon
15.205.0.0/16,GovCloud
64.252.69.0/24,Virginia
71.131.192.0/18,Beijing
13.236.0.0/14,Sydney
15.177.100.0/24,Calgary
43.206.0.0/15,Tokyo
52.95.226.0/24,HongKong
142.4.160.56/29,Oregon
142.4.160.184/29,Virginia
3.4.0.0/24,Virginia
15.177.83.0/24,Sydney
15.185.0.0/16,Bahrain
15.220.252.0/22,Oregon
54.247.0.0/16,Ireland
54.248.0.0/15,Tokyo
3.2.40.0/25,Oregon
18.34.248.0/22,Singapore
35.71.99.0/24,Bahrain
54.148.0.0/15,Oregon
99.77.130.0/24,Oregon
18.200.0.0/16,Ireland
54.206.0.0/16,Sydney
99.150.56.0/21,Oregon
108.175.56.0/22,GovCloud
15.193.2.0/24,Singapore
15.220.222.0/23,Virginia
99.77.132.0/24,California
161.188.146.0/23,Virginia
15.181.247.0/24,Virginia
18.232.0.0/14,Virginia
52.82.169.0/28,Ningxia
64.252.118.0/24,California
99.77.244.0/24,Tokyo
142.4.160.144/29,Tokyo
15.220.120.0/21,Virginia
54.74.0.0/15,Ireland
15.220.207.0/24,Oregon
18.102.0.0/16,Milan
52.83.0.0/16,Ningxia
64.252.122.0/24,California
52.47.0.0/16,Paris
52.94.249.144/28,HongKong
52.95.255.64/28,Ireland
151.148.40.0/24,Seoul
13.208.0.0/16,Osaka
15.193.7.0/24,Oregon
54.156.0.0/14,Virginia
54.236.0.0/15,Virginia
96.0.32.0/22,Stockholm
99.150.8.0/21,Virginia
3.5.40.0/22,Melbourne
3.5.136.0/22,Frankfurt
15.181.160.0/20,Virginia
18.191.0.0/16,Ohio
99.77.159.0/24,Milan
15.177.82.0/24,Singapore
15.181.80.0/20,Virginia
47.128.0.0/14,Singapore
54.153.128.0/17,Sydney
122.248.192.0/18,Singapore
13.247.0.0/16,CapeTown
18.192.0.0/15,Frankfurt
35.71.114.0/24,Tokyo
54.229.0.0/16,Ireland
3.2.34.128/26,Ireland
54.250.0.0/16,Tokyo
64.252.89.0/24,Frankfurt
107.20.0.0/14,Virginia
3.5.160.0/22,California
46.51.192.0/20,Ireland
99.77.149.0/24,SaoPaulo
3.132.0.0/14,Ohio
63.32.0.0/14,Ireland
64.252.85.0/24,London
13.36.0.0/14,Paris
15.177.94.0/24,Hyderabad
52.95.255.16/28,Sydney
96.0.40.0/21,CapeTown
142.4.160.248/29,Mumbai
18.236.0.0/15,Oregon
52.94.249.80/28,California
64.252.74.0/24,Ohio
99.77.183.0/24,GovCloud
64.252.79.0/24,SaoPaulo
161.188.148.0/23,Oregon
15.188.0.0/16,Paris
18.116.0.0/14,Ohio
54.200.0.0/15,Oregon
3.5.36.0/22,Jakarta
18.34.32.0/20,Ireland
99.77.238.0/24,Mumbai
54.144.0.0/14,Virginia
54.169.0.0/16,Singapore
63.246.113.0/24,Ireland
99.77.136.0/24,Frankfurt
161.188.158.0/23,Virginia
35.71.118.0/24,Singapore
64.252.72.0/24,Oregon
99.77.148.0/24,CapeTown
52.95.240.0/24,SaoPaulo
75.101.128.0/17,Virginia
96.0.16.0/21,Virginia
99.77.55.3/32,Zaragoza
3.4.3.0/24,Oregon
15.222.0.0/15,Montreal
69.235.128.0/18,Ningxia
99.77.240.0/24,Singapore
3.2.41.0/26,Virginia
204.236.128.0/18,California
3.5.208.0/22,Mumbai
15.177.76.0/24,Seoul
52.30.0.0/15,Ireland
52.94.249.64/28,Oregon
54.92.0.0/17,Tokyo
54.154.0.0/16,Ireland
64.252.76.0/24,Ohio
67.202.0.0/18,Virginia
99.77.251.0/24,California
161.188.156.0/23,Oregon
3.30.0.0/15,GovCloud
15.181.253.0/24,Oregon
18.34.0.0/19,Virginia
35.71.119.0/24,Montreal
54.226.0.0/15,Virginia
162.250.237.0/24,Virginia
3.112.0.0/14,Tokyo
3.144.0.0/13,Ohio
15.220.168.0/21,Stockholm
52.95.244.0/24,Ireland
64.187.128.0/20,Virginia
64.252.111.0/24,Tokyo
3.2.37.128/26,Osaka
18.231.0.0/16,SaoPaulo
54.252.0.0/16,Sydney
3.224.0.0/12,Virginia
35.71.104.0/24,UAE
35.71.117.0/24,California
54.221.0.0/16,Virginia
54.255.0.0/16,Singapore
142.4.160.40/29,Virginia
15.228.0.0/15,SaoPaulo
142.4.160.8/29,Virginia
157.241.0.0/16,Bahrain
15.181.112.0/22,Virginia
52.94.249.208/28,Hyderabad
54.233.0.0/18,SaoPaulo
68.66.112.0/20,Virginia
69.231.128.0/18,Ningxia
99.77.248.0/24,Paris
99.151.120.0/21,California
108.136.0.0/15,Jakarta
18.34.72.0/21,Ohio
35.176.0.0/15,London
70.224.192.0/18,Oregon
99.77.153.0/24,Ohio
161.188.136.0/23,Virginia
3.4.7.0/24,Virginia
99.77.155.0/24,Ireland
142.4.160.192/29,Frankfurt
151.148.39.0/24,Sydney
52.95.255.32/28,Singapore
69.230.192.0/18,Ningxia
160.1.0.0/16,GovCloud
3.5.128.0/22,Ohio
15.181.241.0/24,Virginia
18.216.0.0/14,Ohio
34.192.0.0/12,Virginia
3.104.0.0/14,Sydney
15.177.99.0/24,TelAviv
15.193.5.0/24,London
15.220.32.0/21,Oregon
52.80.0.0/16,Beijing
52.94.250.16/28,Melbourne
64.252.121.0/24,California
99.150.32.0/21,Sydney
175.41.128.0/18,Singapore
64.252.68.0/24,Virginia
161.188.130.0/23,Virginia
18.229.0.0/16,SaoPaulo
54.219.0.0/16,California
3.32.0.0/16,GovCloud
35.182.0.0/15,Montreal
70.232.124.0/22,Ireland
99.77.191.0/24,Virginia
3.5.72.0/23,Ireland
13.250.0.0/15,Singapore
44.192.0.0/11,Virginia
64.252.102.0/24,Singapore
64.252.108.0/24,Sydney
99.77.156.0/24,London
99.77.233.0/24,Montreal
161.188.140.0/23,Virginia
15.168.0.0/16,Osaka
99.77.55.24/32,Zaragoza
99.77.138.0/24,Milan
162.250.238.0/23,Virginia
3.5.152.0/21,Tokyo
18.224.0.0/14,Ohio
52.56.0.0/16,London
54.245.0.0/16,Oregon
142.4.160.0/29,Virginia
18.230.0.0/16,SaoPaulo
40.176.0.0/15,Calgary
52.58.0.0/15,Frankfurt
70.232.86.125/32,Melbourne
99.77.152.0/24,Oregon
3.131.0.0/16,Ohio
15.220.80.0/20,Tokyo
99.77.235.0/24,CapeTown
142.4.160.232/29,Stockholm
3.96.0.0/15,Montreal
15.220.48.0/21,Frankfurt
54.216.0.0/15,Ireland
3.5.252.0/22,Montreal
15.220.232.0/24,Mumbai
23.20.0.0/14,Virginia
52.94.248.80/28,Tokyo
64.252.64.0/24,Virginia
99.77.55.26/32,Zaragoza
99.77.143.0/24,Singapore
3.4.1.0/24,Virginia
13.56.0.0/16,California
15.220.184.0/21,Virginia
18.184.0.0/15,Frankfurt
161.188.128.0/23,Virginia
35.160.0.0/13,Oregon
52.48.0.0/14,Ireland
99.77.137.0/24,Stockholm
3.2.38.128/26,Melbourne
13.112.0.0/14,Tokyo
15.181.144.0/20,Virginia
35.71.96.0/24,Jakarta
43.200.0.0/14,Seoul
52.68.0.0/15,Tokyo
54.67.0.0/16,California
15.181.254.0/24,Virginia
18.60.0.0/15,Hyderabad
52.57.0.0/16,Frankfurt
99.151.80.0/21,Zurich
3.36.0.0/14,Seoul
142.4.160.200/29,Virginia
161.188.142.0/23,Virginia
18.190.0.0/16,Ohio
52.82.168.0/24,Ningxia
162.213.232.0/24,Ireland
35.71.72.0/22,Ireland
52.95.227.0/24,Stockholm
54.68.0.0/14,Oregon
54.93.0.0/16,Frankfurt
13.50.0.0/16,Stockholm
52.44.0.0/15,Virginia
52.76.128.0/17,Singapore
54.95.0.0/16,Tokyo
54.212.0.0/15,Oregon
3.5.228.0/22,CapeTown
15.181.176.0/20,Virginia
15.220.202.0/23,Oregon
96.0.0.0/21,Sydney
142.4.160.128/29,Virginia
151.148.37.0/24,Tokyo
3.124.0.0/14,Frankfurt
15.181.48.0/20,Virginia
52.82.176.0/22,Ningxia
54.183.0.0/16,California
142.4.160.64/29,Oregon
3.24.0.0/14,Sydney
151.148.41.0/24,London
3.2.39.0/26,Tokyo
15.193.6.0/24,Virginia
35.71.113.0/24,Milan
64.252.103.0/24,Singapore
142.4.160.24/29,Virginia
15.177.86.0/24,HongKong
18.144.0.0/15,California
52.90.0.0/15,Virginia
52.94.144.0/23,California
15.220.64.0/20,Frankfurt
15.220.176.0/21,Virginia
52.0.0.0/15,Virginia
52.82.184.0/23,Ningxia
52.95.253.0/24,London
140.179.0.0/16,Beijing
142.4.160.120/29,Virginia
208.110.48.0/20,Virginia
3.2.37.0/26,Seoul
3.33.35.0/24,Frankfurt
52.95.255.128/28,Frankfurt
52.208.0.0/13,Ireland
99.77.234.0/24,SaoPaulo
151.148.36.0/24,Virginia
16.62.0.0/15,Zurich
52.54.0.0/15,Virginia
52.95.230.0/24,Oregon
3.5.48.0/22,UAE
15.220.152.0/21,Frankfurt
52.74.0.0/16,Singapore
54.168.0.0/16,Tokyo
15.177.89.0/24,Ireland
18.156.0.0/14,Frankfurt
52.82.170.0/24,Ningxia
64.252.113.0/24,Tokyo
79.125.0.0/17,Ireland
99.77.134.0/24,London
3.2.41.128/26,Singapore
13.214.0.0/15,Singapore
15.177.77.0/24,Osaka
15.177.90.0/24,Milan
54.180.0.0/15,Seoul
99.77.253.0/24,Oregon
99.78.238.255/32,Jakarta
3.4.6.0/24,Oregon
15.177.79.0/24,Tokyo
15.220.208.128/26,Oregon
54.64.0.0/15,Tokyo
176.34.0.0/19,Tokyo
35.71.120.0/24,Zaragoza
35.80.0.0/12,Oregon
99.77.147.0/24,Bahrain
99.77.236.0/24,Bahrain
15.220.144.0/23,Frankfurt
54.223.0.0/16,Beijing
99.77.129.0/24,Virginia
108.175.60.0/22,GovCloud
15.220.200.0/23,Oregon
43.204.0.0/15,Mumbai
46.51.224.0/19,Tokyo
54.179.0.0/16,Singapore
99.77.55.254/32,Zaragoza
3.2.38.192/26,Milan
54.170.0.0/15,Ireland
151.148.33.0/24,Oregon
3.5.164.0/22,Sydney
15.220.96.0/20,Singapore
35.71.98.0/24,Stockholm
99.77.131.0/24,Ohio
3.5.240.0/22,Osaka
35.71.112.0/24,Melbourne
35.153.0.0/16,Virginia
52.61.0.0/16,GovCloud
52.79.0.0/16,Seoul
99.150.48.0/21,Tokyo
142.4.160.216/29,Sydney
15.220.228.0/22,Mumbai
52.12.0.0/15,Oregon
52.220.0.0/15,Singapore
99.78.238.253/32,Jakarta
162.250.236.0/24,Virginia
18.163.0.0/16,HongKong
54.199.0.0/16,Tokyo
18.142.0.0/15,Singapore
46.137.192.0/19,Singapore
52.200.0.0/13,Virginia
54.222.32.0/22,Beijing
64.252.123.0/24,California
99.77.55.25/32,Zaragoza
99.151.112.0/21,SaoPaulo
18.34.64.0/21,Singapore
34.224.0.0/12,Virginia
52.75.0.0/16,Oregon
136.18.50.0/23,Virginia
15.177.66.0/23,Ohio
52.94.248.224/28,GovCloud
52.95.255.48/28,Tokyo
54.218.0.0/16,Oregon
3.5.76.0/22,Oregon
16.168.0.0/15,Stockholm
64.252.78.0/24,SaoPaulo
99.78.238.251/32,Jakarta
15.181.0.0/20,Oregon
64.252.117.0/24,Ireland
99.151.104.0/21,Singapore
99.151.128.0/21,Montreal
35.71.102.0/24,Ohio
99.80.0.0/15,Ireland
3.5.44.0/22,Hyderabad
52.95.249.0/24,Mumbai
54.244.0.0/16,Oregon
64.252.87.0/24,Frankfurt
46.137.224.0/19,Singapore
65.0.0.0/14,Mumbai
99.150.80.0/21,Milan
63.246.112.0/24,Stockholm
63.246.119.0/24,Virginia
71.141.8.0/21,Mumbai
50.19.0.0/16,Virginia
99.79.0.0/16,Montreal
44.224.0.0/11,Oregon
52.81.0.0/16,Beijing
71.141.0.0/21,Ohio
3.2.3.0/24,Virginia
35.71.103.0/24,CapeTown
64.252.73.0/24,Oregon
99.151.72.0/21,Melbourne
174.129.0.0/16,Virginia
3.2.43.0/26,Zaragoza
35.71.110.0/24,Osaka
52.95.255.80/28,Virginia
64.252.101.0/24,Mumbai
3.2.42.64/26,Montreal
52.95.255.112/28,Oregon
96.0.12.0/22,Virginia
3.2.32.128/26,Bahrain
15.181.224.0/21,Virginia
15.220.227.0/24,Mumbai
18.208.0.0/13,Virginia
52.95.245.0/24,Virginia
54.240.17.0/24,HongKong
99.77.142.0/24,HongKong
99.77.187.0/24,Virginia
3.2.47.0/25,Virginia
15.177.73.0/24,Mumbai
46.51.216.0/21,Singapore
3.5.64.0/21,Ireland
52.94.248.32/28,Singapore
54.220.0.0/16,Ireland
100.20.0.0/14,Oregon
52.94.248.160/28,Ohio
54.151.0.0/17,California
15.161.0.0/16,Milan
54.222.52.0/22,Beijing
64.252.110.0/24,Tokyo
99.77.158.0/24,Frankfurt
99.77.241.0/24,HongKong
18.188.0.0/16,Ohio
18.252.0.0/16,GovCloud
46.51.128.0/18,Ireland
64.252.107.0/24,Sydney
13.232.0.0/14,Mumbai
15.220.0.0/20,Oregon
52.95.243.0/24,Tokyo
3.5.132.0/23,Ohio
13.53.0.0/16,Stockholm
15.177.88.0/24,SaoPaulo
15.184.0.0/16,Bahrain
15.220.56.0/21,Tokyo
184.72.128.0/17,Virginia
15.220.16.0/20,Oregon
161.188.134.0/23,Oregon
3.2.41.64/26,California
13.51.0.0/16,Stockholm
96.0.8.0/22,Sydney
35.181.0.0/16,Paris
54.80.0.0/13,Virginia
54.214.0.0/16,Oregon
54.254.0.0/16,Singapore
52.20.0.0/14,Virginia
52.94.201.0/26,Virginia
52.94.248.208/28,Montreal
13.244.0.0/15,CapeTown
52.94.248.48/28,SaoPaulo
54.242.0.0/15,Virginia
99.77.252.0/24,Ohio
99.151.88.0/21,Ireland
216.182.238.0/23,Virginia
3.5.168.0/23,Sydney
18.168.0.0/14,London
34.208.0.0/12,Oregon
52.15.0.0/16,Ohio
64.252.124.0/24,Montreal
161.188.144.0/23,Virginia
18.189.0.0/16,Ohio
35.71.64.0/22,Oregon
99.77.184.0/24,GovCloud
3.64.0.0/12,Frankfurt
18.88.0.0/18,Virginia
162.213.234.0/23,Ireland
15.220.136.0/21,Mumbai
18.34.244.0/22,Oregon
18.201.0.0/16,Ireland
54.151.128.0/17,Singapore
208.86.88.0/23,Virginia
18.175.0.0/16,London
54.208.0.0/15,Virginia
54.228.0.0/16,Ireland
142.4.160.48/29,Virginia
151.148.35.0/24,Frankfurt
15.220.146.0/23,Bahrain
52.95.246.0/24,California
13.48.0.0/15,Stockholm
52.64.0.0/17,Sydney
52.95.239.0/24,London
195.17.0.0/24,Ireland
18.220.0.0/14,Ohio
52.36.0.0/14,Oregon
54.94.0.0/16,SaoPaulo
142.4.160.168/29,Bahrain
15.152.0.0/16,Osaka
15.220.226.0/24,Oregon
52.95.228.0/24,Bahrain
54.222.128.0/17,Beijing
96.127.0.0/17,GovCloud
161.188.132.0/23,Virginia
3.4.16.0/21,GovCloud
68.79.0.0/18,Ningxia
99.77.128.0/24,Virginia
3.5.248.0/22,Milan
54.215.0.0/16,California
142.4.160.208/29,Tokyo
18.182.0.0/16,Tokyo
43.218.0.0/16,Jakarta
54.152.0.0/16,Virginia
99.77.55.14/32,Zaragoza
99.77.243.0/24,Osaka
151.148.32.0/24,Ohio
18.178.0.0/16,Tokyo
54.202.0.0/15,Oregon
99.150.120.0/21,UAE
15.181.128.0/20,Oregon
16.170.0.0/15,Stockholm
18.132.0.0/14,London
52.70.0.0/15,Virginia
52.94.248.0/28,Virginia
96.0.56.0/22,Virginia
15.220.204.0/24,Oregon
15.177.70.0/23,SaoPaulo
15.236.0.0/15,Paris
64.252.84.0/24,London
96.0.84.0/22,Virginia
99.77.254.0/24,Virginia
184.72.0.0/18,California
13.125.0.0/16,Seoul
35.71.100.0/24,Mumbai
54.193.0.0/16,California
54.222.59.0/24,Beijing
70.232.92.0/22,Virginia
99.77.55.0/32,Zaragoza
99.77.247.0/24,Frankfurt
3.2.32.64/26,Stockholm
64.252.88.0/24,Frankfurt
99.77.55.2/32,Zaragoza
15.181.245.0/24,Oregon
99.151.96.0/21,GovCloud
15.177.97.0/24,Zaragoza
35.71.68.0/22,Virginia
52.8.0.0/16,California
52.94.249.192/28,Jakarta
52.95.247.0/24,Oregon
64.252.83.0/24,London
99.77.55.253/32,Zaragoza
15.177.64.0/23,Virginia
15.193.9.0/24,Seoul
46.51.208.0/22,Virginia
52.86.0.0/15,Virginia
64.252.80.0/24,SaoPaulo
142.4.160.88/29,Virginia
18.136.0.0/16,Singapore
50.112.0.0/16,Oregon
3.2.33.64/26,Paris
3.2.35.192/26,Hyderabad
3.2.43.64/26,Zurich
13.212.0.0/15,Singapore
15.220.233.0/24,Virginia
18.179.0.0/16,Tokyo
64.252.100.0/24,Mumbai
3.5.216.0/22,Stockholm
3.130.0.0/16,Ohio
13.57.0.0/16,California
13.126.0.0/15,Mumbai
15.181.64.0/20,Oregon
99.77.140.0/24,Osaka
3.2.39.128/26,GovCloud
16.16.0.0/16,Stockholm
54.222.89.0/24,Beijing
15.206.0.0/15,Mumbai
50.18.0.0/16,California
52.14.0.0/16,Ohio
96.0.72.0/21,Sydney
54.172.0.0/15,Virginia
71.137.0.0/18,Beijing
176.34.64.0/18,Ireland
3.5.146.0/23,Singapore
35.71.109.0/24,Seoul
52.95.255.96/28,California
99.77.249.0/24,London
99.150.88.0/21,HongKong
142.4.160.16/29,Oregon
18.204.0.0/14,Virginia
35.178.0.0/15,London
54.88.0.0/14,Virginia
52.94.116.0/22,Oregon
64.252.119.0/24,California
208.86.90.0/23,Ireland
15.181.248.0/24,Oregon
18.34.252.0/22,Ohio
52.29.0.0/16,Frankfurt
13.52.0.0/16,California
18.180.0.0/15,Tokyo
46.137.128.0/18,Ireland
52.94.248.176/28,Seoul
3.2.2.0/24,Virginia
3.2.32.192/26,Mumbai
13.246.0.0/16,CapeTown
52.94.249.240/28,Zaragoza
52.95.254.0/24,Paris
64.252.104.0/24,Singapore
176.32.64.0/19,Tokyo
13.54.0.0/15,Sydney
13.200.0.0/15,Mumbai
52.95.235.0/24,Jakarta
52.95.241.0/24,Sydney
64.252.66.0/24,Virginia
64.252.82.0/24,London
99.77.144.0/24,Sydney
142.4.160.240/29,Stockholm
3.12.0.0/16,Ohio
13.124.0.0/16,Seoul
35.71.111.0/24,London
52.94.248.144/28,Mumbai
52.192.0.0/15,Tokyo
99.150.72.0/21,Paris
3.3.5.0/24,Virginia
54.78.0.0/16,Ireland
99.77.139.0/24,Tokyo
15.193.4.0/24,Frankfurt
35.71.116.0/24,GovCloud
71.132.0.0/18,Beijing
99.150.40.0/21,London
3.2.33.128/26,Jakarta
3.5.212.0/23,Mumbai
3.5.220.0/22,Bahrain
15.177.72.0/24,Stockholm
52.2.0.0/15,Virginia
64.252.106.0/24,Sydney
103.4.8.0/21,Tokyo
184.72.64.0/18,Virginia
3.2.41.192/26,Sydney
99.77.55.1/32,Zaragoza
15.181.192.0/19,Virginia
3.2.35.128/26,HongKong
15.253.0.0/16,Oregon
54.238.0.0/16,Tokyo
99.150.16.0/21,Frankfurt
216.182.232.0/22,Virginia
3.120.0.0/14,Frankfurt
15.181.252.0/24,Oregon
18.198.0.0/15,Frankfurt
52.9.0.0/16,California
99.77.141.0/24,Seoul
52.46.180.0/22,Oregon
3.136.0.0/13,Ohio
15.220.148.0/22,Stockholm
43.192.0.0/16,Ningxia
52.94.248.192/28,London
64.252.120.0/24,California
99.151.184.0/23,Virginia
3.5.144.0/23,Seoul
16.24.0.0/16,Bahrain
52.94.248.112/28,Frankfurt
15.181.242.0/24,Virginia
54.232.0.0/16,SaoPaulo
15.177.78.0/24,London
15.193.0.0/24,Mumbai
52.66.0.0/16,Mumbai
204.236.192.0/18,Virginia
35.168.0.0/13,Virginia
52.64.128.0/17,Sydney
13.209.0.0/16,Seoul
15.181.40.0/21,Virginia
18.34.48.0/20,Oregon
18.34.232.0/21,Virginia
18.140.0.0/15,Singapore
52.60.0.0/16,Montreal
52.78.0.0/16,Seoul
72.44.32.0/19,Virginia
15.181.16.0/20,Oregon
15.181.96.0/20,Virginia
15.220.192.0/22,Singapore
99.150.112.0/21,Hyderabad
13.58.0.0/15,Ohio
54.194.0.0/15,Ireland
3.98.0.0/15,Montreal
54.66.0.0/16,Sydney
99.77.242.0/24,Seoul
142.4.160.160/29,Mumbai
142.4.161.8/29,Virginia
162.222.148.0/22,Oregon
3.4.2.0/24,Virginia
15.177.75.0/24,Ireland
15.220.240.0/21,Singapore
52.24.0.0/14,Oregon
52.222.0.0/17,GovCloud
64.252.65.0/24,Oregon
3.13.0.0/16,Ohio
3.248.0.0/13,Ireland
54.92.128.0/17,Virginia
99.77.133.0/24,Ireland
13.210.0.0/15,Sydney
54.241.0.0/16,California
99.77.151.0/24,Virginia
99.77.239.0/24,Sydney
184.169.128.0/17,California
216.182.224.0/21,Virginia
35.72.0.0/13,Tokyo
99.150.24.0/21,Seoul
3.8.0.0/14,London
18.246.0.0/16,Oregon
54.204.0.0/15,Virginia
52.194.0.0/15,Tokyo
54.155.0.0/16,Ireland
54.196.0.0/15,Virginia
142.4.160.176/29,Virginia
3.5.80.0/21,Oregon
18.34.240.0/22,Ireland
35.71.97.0/24,Sydney
35.152.0.0/16,Milan
99.150.0.0/21,Ohio
3.2.38.0/26,London
15.220.220.0/23,Virginia
35.156.0.0/14,Frankfurt
161.188.138.0/23,Oregon
3.16.0.0/14,Ohio
18.130.0.0/16,London
52.72.0.0/15,Virginia
52.82.180.0/22,Ningxia
99.151.64.0/21,Zaragoza
52.62.0.0/15,Sydney
52.94.249.224/28,UAE
16.50.0.0/15,Melbourne
54.160.0.0/13,Virginia
157.175.0.0/16,Bahrain
176.34.32.0/19,Tokyo
54.234.0.0/15,Virginia
70.232.86.126/32,Melbourne
15.220.248.0/23,Virginia
52.95.225.0/24,Osaka
99.77.154.0/24,California
99.77.245.0/24,Milan
3.14.0.0/15,Ohio
15.177.81.0/24,California
18.228.0.0/16,SaoPaulo
52.16.0.0/15,Ireland
52.95.242.0/24,Singapore
161.189.0.0/16,Ningxia
15.177.84.0/24,Montreal
15.220.250.0/23,Virginia
52.94.249.176/28,CapeTown
54.153.0.0/17,California
71.136.64.0/18,Beijing
96.0.60.0/22,Mumbai
142.4.161.0/29,Singapore
15.177.98.0/24,Zurich
15.200.0.0/16,GovCloud
15.220.236.0/22,Virginia
35.154.0.0/16,Mumbai
52.82.0.0/17,Ningxia
52.94.249.32/28,Paris
3.2.36.0/25,Virginia
35.71.107.0/24,HongKong
52.94.250.32/28,TelAviv
64.252.115.0/24,Ireland
99.77.161.0/24,Singapore
3.2.39.64/26,GovCloud
15.181.249.0/24,Virginia
15.220.205.0/24,Oregon
52.88.0.0/15,Oregon
3.5.244.0/22,London
18.253.0.0/16,GovCloud
52.94.249.112/28,GovCloud
198.99.2.0/24,Ohio
18.153.0.0/16,Frankfurt
18.202.0.0/15,Ireland
64.252.98.0/24,Mumbai
216.182.236.0/23,California
3.5.32.0/22,Zaragoza
3.208.0.0/12,Virginia
54.222.64.0/23,Beijing
70.232.86.124/32,Melbourne
99.77.157.0/24,Paris
142.4.160.72/29,Virginia
142.4.160.152/29,Frankfurt
185.48.120.0/22,Ireland
54.233.128.0/17,SaoPaulo
142.4.160.104/29,Oregon
204.45.0.0/16,Virginia
15.220.206.0/24,Oregon
161.188.152.0/23,Oregon
184.73.0.0/16,Virginia
15.160.0.0/16,Milan
15.177.80.0/24,Oregon
43.196.0.0/16,Beijing
54.174.0.0/15,Virginia
13.230.0.0/15,Tokyo
52.94.249.160/28,Bahrain
54.224.0.0/15,Virginia
15.220.234.0/23,Virginia
18.176.0.0/15,Tokyo
64.252.86.0/24,Frankfurt
3.20.0.0/14,Ohio
15.156.0.0/15,Montreal
15.254.0.0/16,Oregon
18.196.0.0/15,Frankfurt
54.76.0.0/15,Ireland
3.80.0.0/12,Virginia
3.101.0.0/16,California
52.40.0.0/14,Oregon
43.198.0.0/15,HongKong
99.150.104.0/21,CapeTown
35.71.101.0/24,Paris
52.95.248.0/24,Frankfurt
54.239.103.128/26,Virginia
64.252.70.0/24,Oregon
64.252.116.0/24,Ireland
18.88.128.0/18,Oregon
34.240.0.0/13,Ireland
52.94.248.16/28,Ireland
52.94.249.96/28,Osaka
54.253.0.0/16,Sydney
18.162.0.0/16,HongKong
52.94.146.0/24,Frankfurt
3.2.34.192/26,UAE
3.2.35.0/26,Frankfurt
52.32.0.0/14,Oregon
52.95.252.0/24,Seoul
54.222.36.0/22,Beijing
52.94.248.64/28,Sydney
52.95.229.0/24,CapeTown
54.72.0.0/15,Ireland
3.2.42.0/26,TelAviv
3.5.56.0/22,TelAviv
52.95.250.0/24,Montreal
64.252.67.0/24,Virginia
3.5.148.0/22,Singapore
54.198.0.0/16,Virginia
64.252.77.0/24,Ohio
15.164.0.0/15,Seoul
18.89.0.0/18,Frankfurt
99.77.55.15/32,Zaragoza
176.34.128.0/17,Ireland
3.2.42.192/26,Calgary
15.181.244.0/24,Virginia
18.194.0.0/15,Frankfurt
52.94.249.128/28,Stockholm
54.184.0.0/13,Oregon
142.4.160.96/29,Oregon
3.6.0.0/15,Mumbai
15.181.120.0/21,Virginia
15.193.1.0/24,Tokyo
35.71.108.0/24,Hyderabad
52.46.184.0/22,Frankfurt
52.67.0.0/16,SaoPaulo
18.138.0.0/15,Singapore
52.94.249.48/28,Milan
52.95.255.144/28,Beijing
99.77.246.0/24,Stockholm
3.2.33.192/26,Ohio
52.52.0.0/15,California
54.233.64.0/18,SaoPaulo
76.223.128.0/24,Frankfurt
161.188.150.0/23,Virginia
3.34.0.0/15,Seoul
15.177.74.0/24,Paris
35.71.121.0/24,Zurich
52.65.0.0/16,Sydney
54.150.0.0/16,Tokyo
13.40.0.0/14,London
15.177.96.0/24,Melbourne
15.181.251.0/24,Oregon
34.248.0.0/13,Ireland
64.252.109.0/24,Sydney
69.234.192.0/18,Ningxia
142.4.160.32/29,Oregon
142.4.160.112/29,Virginia
161.188.160.0/23,Oregon
3.5.0.0/19,Virginia
54.178.0.0/16,Tokyo
99.77.55.12/32,Zaragoza
99.77.55.27/32,Zaragoza
108.128.0.0/13,Ireland
18.100.0.0/15,Zaragoza
52.119.205.0/24,Singapore
96.0.64.0/21,Mumbai
15.177.87.0/24,Bahrain
52.94.250.0/28,Zurich
64.252.71.0/24,Oregon
64.252.114.0/24,Ireland
15.177.85.0/24,HongKong
15.181.246.0/24,Virginia
52.95.251.0/24,Ohio
72.41.0.0/20,Virginia
96.0.24.0/21,Stockholm
96.0.36.0/22,CapeTown
15.177.91.0/24,CapeTown
35.155.0.0/16,Oregon
54.210.0.0/15,Virginia
64.252.75.0/24,Ohio
99.151.136.0/21,Mumbai
15.181.240.0/24,Virginia
52.76.0.0/17,Singapore
52.18.0.0/15,Ireland
107.176.0.0/15,Beijing
175.41.192.0/18,Tokyo
15.220.44.0/22,Singapore
99.151.144.0/21,Seoul
52.10.0.0/15,Oregon
52.82.164.0/22,Ningxia
100.24.0.0/13,Virginia
151.148.34.0/24,Ireland
3.4.4.0/24,Oregon
99.77.237.0/24,Jakarta
99.150.64.0/21,Stockholm
162.213.233.0/24,Ireland
52.95.255.0/28,SaoPaulo
54.176.0.0/15,California
54.246.0.0/16,Ireland
64.252.112.0/24,Tokyo
16.162.0.0/15,HongKong
15.181.32.0/21,Virginia
15.181.116.0/22,Oregon
35.71.106.0/24,SaoPaulo
15.177.93.0/24,UAE
15.181.243.0/24,Virginia
3.5.232.0/22,SaoPaulo
3.28.0.0/15,UAE
51.16.0.0/15,TelAviv
54.79.0.0/16,Sydney
54.251.0.0/16,Singapore
3.128.0.0/15,Ohio
18.254.0.0/16,GovCloud
43.193.0.0/17,Ningxia
64.252.105.0/24,Singapore
3.4.24.0/21,GovCloud
15.220.224.0/23,Oregon
54.207.0.0/16,SaoPaulo
99.77.145.0/24,Mumbai
99.150.96.0/21,Osaka
35.71.105.0/24,Frankfurt
52.28.0.0/16,Frankfurt
3.0.0.0/15,Singapore
3.33.34.0/24,Virginia
15.220.112.0/21,SaoPaulo
52.77.0.0/16,Singapore
64.252.99.0/24,Mumbai
99.77.55.255/32,Zaragoza
3.5.236.0/22,HongKong
15.181.250.0/24,Oregon
15.193.10.0/24,CapeTown
99.151.152.0/21,TelAviv
18.166.0.0/15,HongKong
52.94.248.128/28,California
99.77.55.13/32,Zaragoza
99.77.160.0/24,Tokyo
99.77.250.0/24,Ireland
15.220.128.0/21,Mumbai
18.183.0.0/16,Tokyo
46.137.0.0/17,Ireland
99.77.135.0/24,Paris
99.151.168.0/21,Calgary
151.148.38.0/24,Singapore
15.177.92.0/24,Jakarta
15.193.8.0/24,Montreal
15.220.160.0/21,Bahrain
3.3.2.0/24,Virginia
3.5.134.0/23,Frankfurt
13.228.0.0/15,Singapore
15.220.40.0/22,Oregon
52.94.248.96/28,Oregon
52.196.0.0/14,Tokyo
99.77.150.0/24,Montreal
3.5.52.0/22,Zurich
3.5.224.0/22,Paris
54.222.58.32/28,Beijing
96.0.48.0/21,Virginia
99.77.186.0/24,Oregon
15.177.68.0/23,Frankfurt
177.71.128.0/17,SaoPaulo
192.26.25.0/24,Virginia